180.5,0,0,180.5,0,0,180.5,0,0
181.1,0,0,181.1,0,0,181.1,0,0
181.71,0,0,181.71,0,0,181.71,0,0
182.31,0,0,182.31,0,0,182.31,0,0
182.92,0,0,182.92,0,0,182.92,0,0
183.52,0,0,183.52,0,0,183.52,0,0
184.13,0,0,184.13,0,0,184.13,0,0
184.73,0,0,184.73,0,0,184.73,0,0
185.34,0,0,185.34,0,0,185.34,0,0
185.94,0,0,185.94,0,0,185.94,0,0
186.55,0,0,186.55,0,0,186.55,0,0
187.15,0,0,187.15,0,0,187.15,0,0
187.76,0,0,187.76,0,0,187.76,0,0
188.36,0,0,188.36,0,0,188.36,0,0
188.97,0,0,188.97,0,0,188.97,0,0
189.57,0,0,189.57,0,0,189.57,0,0
190.18,0,0,190.18,0,0,190.18,0,0
190.78,0,0,190.78,0,0,190.78,0,0
191.38,0,0,191.38,0,0,191.38,0,0
191.99,0,0,191.99,0,0,191.99,0,0
192.59,0,0,192.59,0,0,192.59,0,0
193.2,0,0,193.2,0,0,193.2,0,0
193.8,0,0,193.8,0,0,193.8,0,0
194.41,0,0,194.41,0,0,194.41,0,0
195.01,0,0,195.01,0,0,195.01,0,0
195.62,0,0,195.62,0,0,195.62,0,0
196.22,0,0,196.22,0,0,196.22,0,0
196.82,0,0,196.82,0,0,196.82,0,0
197.43,0,0,197.43,0,0,197.43,0,0
198.03,0,0,198.03,0,0,198.03,0,0
198.64,0,0,198.64,0,0,198.64,0,0
199.24,0,0,199.24,0,0,199.24,0,0
199.85,0,0,199.85,0,0,199.85,0,0
200.45,0,0,200.45,0,0,200.45,0,0
201.05,0,0,201.05,0,0,201.05,0,0
201.66,0,0,201.66,0,0,201.66,0,0
202.26,0,0,202.26,0,0,202.26,0,0
202.87,0,0,202.87,0,0,202.87,0,0
203.47,0,0,203.47,0,0,203.47,0,0
204.07,0,0,204.07,0,0,204.07,0,0
204.68,0,0,204.68,0,0,204.68,0,0
205.28,0,0,205.28,0,0,205.28,0,0
205.89,0,0,205.89,0,0,205.89,0,0
206.49,0,0,206.49,0,0,206.49,0,0
207.09,0,0,207.09,0,0,207.09,0,0
207.7,0,0,207.7,0,0,207.7,0,0
208.3,0,0,208.3,0,0,208.3,0,0
208.91,0,0,208.91,0,0,208.91,0,0
209.51,0,0,209.51,0,0,209.51,0,0
210.11,0,0,210.11,0,0,210.11,0,0
210.72,0,0,210.72,0,0,210.72,0,0
211.32,0,0,211.32,0,0,211.32,0,0
211.93,0,0,211.93,0,0,211.93,0.01,0.01
212.53,0,0,212.53,0,0,212.53,0.01,0.01
213.13,0,0,213.13,0,0,213.13,0,0
213.74,0,0,213.74,0,0,213.74,0,0
214.34,0,0,214.34,0,0,214.34,0,0
214.94,0,0,214.94,0,0,214.94,0,0
215.55,0,0,215.55,0,0,215.55,0,0
216.15,0,0,216.15,0,0,216.15,0,0
216.75,0,0,216.75,0,0,216.75,0,0
217.36,0,0,217.36,0,0,217.36,0,0
217.96,0,0,217.96,0,0,217.96,0,0
218.56,0,0,218.56,0,0,218.56,0,0
219.17,0,0,219.17,0,0,219.17,0,0
219.77,0,0,219.77,0,0,219.77,0,0
220.37,0,0,220.37,0,0,220.37,0,0
220.98,0,0,220.98,0,0,220.98,0,0
221.58,0,0,221.58,0,0,221.58,0,0
222.19,0,0,222.19,0,0,222.19,0,0
222.79,0,0,222.79,0,0,222.79,0,0
223.39,0,0,223.39,0,0,223.39,0,0
223.99,0,0,223.99,0,0,223.99,0,0
224.6,0,0,224.6,0,0,224.6,0,0
225.2,0,0,225.2,0,0,225.2,0,0
225.8,0,0,225.8,0,0,225.8,0,0
226.41,0,0,226.41,0,0,226.41,0,0
227.01,0,0,227.01,0,0,227.01,0,0
227.61,0,0,227.61,0,0,227.61,0,0
228.22,0,0,228.22,0,0,228.22,0,0
228.82,0,0,228.82,0,0,228.82,0,0
229.42,0,0,229.42,0,0,229.42,0,0
230.03,0,0,230.03,0,0,230.03,0,0
230.63,0,0,230.63,0,0,230.63,0,0
231.23,0,0,231.23,0,0,231.23,0,0
231.83,0,0,231.83,0,0,231.83,0,0
232.44,0,0,232.44,0,0,232.44,0,0
233.04,0,0,233.04,0,0,233.04,0,0
233.64,0,0,233.64,0,0,233.64,0,0
234.25,0,0,234.25,0,0,234.25,0,0
234.85,0,0,234.85,0,0,234.85,0,0
235.45,0,0,235.45,0,0,235.45,0,0
236.05,0,0,236.05,0,0,236.05,0,0
236.66,0,0,236.66,0,0,236.66,0,0
237.26,0,0,237.26,0,0,237.26,0,0
237.86,0,0,237.86,0,0,237.86,0,0
238.46,0,0,238.46,0,0,238.46,0,0
239.07,0,0,239.07,0,0,239.07,0,0
239.67,0,0,239.67,0,0,239.67,0,0
240.27,0,0,240.27,0,0,240.27,0,0
240.88,0,0,240.88,0,0,240.88,0,0
241.48,0,0,241.48,0.01,0.01,241.48,0,0
242.08,0,0,242.08,0.01,0.01,242.08,0,0
242.68,0,0,242.68,0.01,0.01,242.68,0,0
243.29,0,0,243.29,0.01,0.01,243.29,0,0
243.89,0,0,243.89,0.01,0.01,243.89,0.01,0.01
244.49,0,0,244.49,0.01,0.01,244.49,0.01,0.01
245.09,0,0,245.09,0.01,0.01,245.09,0.01,0.01
245.69,0,0,245.69,0.01,0.01,245.69,0.01,0.01
246.3,0,0,246.3,0.01,0.01,246.3,0.01,0.01
246.9,0,0,246.9,0.01,0.01,246.9,0.01,0.01
247.5,0,0,247.5,0.01,0.01,247.5,0.01,0.01
248.1,0,0,248.1,0.01,0.01,248.1,0.01,0.01
248.71,0,0,248.71,0.01,0.01,248.71,0.01,0.01
249.31,0,0,249.31,0.01,0.01,249.31,0.01,0.01
249.91,0,0,249.91,0.01,0.01,249.91,0.01,0.01
250.51,0,0,250.51,0.01,0.01,250.51,0.01,0.01
251.11,0,0,251.11,0.01,0.01,251.11,0.01,0.01
251.72,0,0,251.72,0.01,0.01,251.72,0.01,0.01
252.32,0,0,252.32,0.01,0.01,252.32,0.01,0.01
252.92,0,0,252.92,0.01,0.01,252.92,0.01,0.01
253.52,0,0,253.52,0.01,0.01,253.52,0.01,0.01
254.12,0,0,254.12,0.01,0.01,254.12,0.01,0.01
254.73,0,0,254.73,0.01,0.01,254.73,0.01,0.01
255.33,0,0,255.33,0.01,0.01,255.33,0.01,0.01
255.93,0,0,255.93,0.01,0.01,255.93,0.01,0.01
256.53,0,0,256.53,0.01,0.01,256.53,0.01,0.01
257.13,0,0,257.13,0.01,0.01,257.13,0.01,0.01
257.74,0,0,257.74,0.01,0.01,257.74,0.01,0.01
258.34,0,0,258.34,0.01,0.01,258.34,0.01,0.01
258.94,0,0,258.94,0.01,0.01,258.94,0.01,0.01
259.54,0,0,259.54,0.01,0.01,259.54,0.01,0.01
260.14,0,0,260.14,0.01,0.01,260.14,0.01,0.01
260.74,0,0,260.74,0.01,0.01,260.74,0.01,0.01
261.35,0,0,261.35,0.01,0.01,261.35,0.01,0.01
261.95,0,0,261.95,0.01,0.01,261.95,0.01,0.01
262.55,0,0,262.55,0.01,0.01,262.55,0.01,0.01
263.15,0,0,263.15,0.01,0.01,263.15,0.01,0.01
263.75,0,0,263.75,0.01,0.01,263.75,0.01,0.01
264.35,0,0,264.35,0.01,0.01,264.35,0.01,0.01
264.95,0,0,264.95,0.01,0.01,264.95,0.01,0.01
265.56,0,0,265.56,0.01,0.01,265.56,0.01,0.01
266.16,0,0,266.16,0.01,0.01,266.16,0.01,0.01
266.76,0,0,266.76,0.01,0.01,266.76,0.01,0.01
267.36,0,0,267.36,0.01,0.01,267.36,0.01,0.01
267.96,0,0,267.96,0.01,0.01,267.96,0.01,0.01
268.56,0,0,268.56,0.01,0.01,268.56,0.01,0.01
269.16,0,0,269.16,0.01,0.01,269.16,0.01,0.01
269.77,0,0,269.77,0.01,0.01,269.77,0.01,0.01
270.37,0,0,270.37,0.01,0.01,270.37,0.01,0.01
270.97,0,0,270.97,0.01,0.01,270.97,0.01,0.01
271.57,0.01,0.01,271.57,0.01,0.01,271.57,0.01,0.01
272.17,0,0,272.17,0.01,0.01,272.17,0.01,0.01
272.77,0.01,0.01,272.77,0.01,0.01,272.77,0.01,0.01
273.37,0.01,0.01,273.37,0.01,0.01,273.37,0.01,0.01
273.97,0.01,0.01,273.97,0.01,0.01,273.97,0.01,0.01
274.58,0.01,0.01,274.58,0.01,0.01,274.58,0.01,0.01
275.18,0.01,0.01,275.18,0.01,0.01,275.18,0.01,0.01
275.78,0.01,0.01,275.78,0.01,0.01,275.78,0.01,0.01
276.38,0.01,0.01,276.38,0.01,0.01,276.38,0.01,0.01
276.98,0.01,0.01,276.98,0.01,0.01,276.98,0.01,0.01
277.58,0.01,0.01,277.58,0.01,0.01,277.58,0.01,0.01
278.18,0.01,0.01,278.18,0.01,0.01,278.18,0.01,0.01
278.78,0.01,0.01,278.78,0.01,0.01,278.78,0.01,0.01
279.38,0.01,0.01,279.38,0.01,0.01,279.38,0.01,0.01
279.98,0.01,0.01,279.98,0.01,0.01,279.98,0.01,0.01
280.58,0.01,0.01,280.58,0.01,0.01,280.58,0.01,0.01
281.19,0.01,0.01,281.19,0.01,0.01,281.19,0.01,0.01
281.79,0.01,0.01,281.79,0.01,0.01,281.79,0.01,0.01
282.39,0.01,0.01,282.39,0.01,0.01,282.39,0.01,0.01
282.99,0.01,0.01,282.99,0.01,0.01,282.99,0.01,0.01
283.59,0.01,0.01,283.59,0.01,0.01,283.59,0.01,0.01
284.19,0.01,0.01,284.19,0.01,0.01,284.19,0.01,0.01
284.79,0.01,0.01,284.79,0.01,0.01,284.79,0.01,0.01
285.39,0.01,0.01,285.39,0.01,0.01,285.39,0.01,0.01
285.99,0.01,0.01,285.99,0.01,0.01,285.99,0.01,0.01
286.59,0.01,0.01,286.59,0.01,0.01,286.59,0.01,0.01
287.19,0.01,0.01,287.19,0.01,0.01,287.19,0.01,0.01
287.79,0.01,0.01,287.79,0.01,0.01,287.79,0.01,0.01
288.39,0.01,0.01,288.39,0.01,0.01,288.39,0.01,0.01
288.99,0.01,0.01,288.99,0.01,0.01,288.99,0.01,0.01
289.59,0.01,0.01,289.59,0.01,0.01,289.59,0.01,0.01
290.19,0.01,0.01,290.19,0.01,0.01,290.19,0.01,0.01
290.79,0.01,0.01,290.79,0.01,0.01,290.79,0.01,0.01
291.39,0.01,0.01,291.39,0.01,0.01,291.39,0.01,0.01
291.99,0.01,0.01,291.99,0.01,0.01,291.99,0.01,0.01
292.59,0.01,0.01,292.59,0.01,0.01,292.59,0.01,0.01
293.19,0.01,0.01,293.19,0.01,0.01,293.19,0.01,0.01
293.79,0.01,0.01,293.79,0.01,0.01,293.79,0.01,0.01
294.4,0.01,0.01,294.4,0.01,0.01,294.4,0.01,0.01
295,0.01,0.01,295,0.01,0.01,295,0.01,0.01
295.6,0.01,0.01,295.6,0.01,0.01,295.6,0.01,0.01
296.2,0.01,0.01,296.2,0.01,0.01,296.2,0.01,0.01
296.8,0.01,0.01,296.8,0.01,0.01,296.8,0.01,0.01
297.4,0.01,0.01,297.4,0.01,0.01,297.4,0.01,0.01
298,0.01,0.01,298,0.01,0.01,298,0.01,0.01
298.6,0.01,0.01,298.6,0.01,0.01,298.6,0.01,0.01
299.2,0.01,0.01,299.2,0.01,0.01,299.2,0.01,0.01
299.8,0.01,0.01,299.8,0.01,0.01,299.8,0.01,0.01
300.4,0.01,0.01,300.4,0.01,0.01,300.4,0.01,0.01
301,0.01,0.01,301,0.01,0.01,301,0.01,0.01
301.6,0.01,0.01,301.6,0.02,0.02,301.6,0.01,0.01
302.19,0.01,0.01,302.19,0.01,0.01,302.19,0.01,0.01
302.79,0.01,0.01,302.79,0.01,0.01,302.79,0.01,0.01
303.39,0.01,0.01,303.39,0.01,0.01,303.39,0.01,0.01
303.99,0.01,0.01,303.99,0.01,0.01,303.99,0.01,0.01
304.59,0.01,0.01,304.59,0.01,0.01,304.59,0.01,0.01
305.19,0.01,0.01,305.19,0.01,0.01,305.19,0.01,0.01
305.79,0.01,0.01,305.79,0.02,0.02,305.79,0.01,0.01
306.39,0.01,0.01,306.39,0.02,0.02,306.39,0.01,0.01
306.99,0.01,0.01,306.99,0.01,0.01,306.99,0.01,0.01
307.59,0.01,0.01,307.59,0.01,0.01,307.59,0.01,0.01
308.19,0.01,0.01,308.19,0.02,0.02,308.19,0.01,0.01
308.79,0.01,0.01,308.79,0.02,0.02,308.79,0.01,0.01
309.39,0.01,0.01,309.39,0.02,0.02,309.39,0.01,0.01
309.99,0.01,0.01,309.99,0.02,0.02,309.99,0.01,0.01
310.59,0.01,0.01,310.59,0.01,0.01,310.59,0.01,0.01
311.19,0.01,0.01,311.19,0.01,0.01,311.19,0.01,0.01
311.79,0.01,0.01,311.79,0.01,0.01,311.79,0.01,0.01
312.39,0.01,0.01,312.39,0.01,0.01,312.39,0.01,0.01
312.99,0.01,0.01,312.99,0.01,0.01,312.99,0.01,0.01
313.59,0.01,0.01,313.59,0.02,0.02,313.59,0.01,0.01
314.19,0.01,0.01,314.19,0.02,0.02,314.19,0.01,0.01
314.78,0.01,0.01,314.78,0.01,0.01,314.78,0.01,0.01
315.38,0.01,0.01,315.38,0.01,0.01,315.38,0.01,0.01
315.98,0.01,0.01,315.98,0.02,0.02,315.98,0.01,0.01
316.58,0.01,0.01,316.58,0.01,0.01,316.58,0.01,0.01
317.18,0.01,0.01,317.18,0.01,0.01,317.18,0.01,0.01
317.78,0.01,0.01,317.78,0.01,0.01,317.78,0.01,0.01
318.38,0.01,0.01,318.38,0.02,0.02,318.38,0.01,0.01
318.98,0.01,0.01,318.98,0.01,0.01,318.98,0.01,0.01
319.58,0.01,0.01,319.58,0.01,0.01,319.58,0.01,0.01
320.18,0.01,0.01,320.18,0.01,0.01,320.18,0.01,0.01
320.78,0.01,0.01,320.78,0.01,0.01,320.78,0.01,0.01
321.37,0.01,0.01,321.37,0.01,0.01,321.37,0.01,0.01
321.97,0.01,0.01,321.97,0.01,0.01,321.97,0.01,0.01
322.57,0.01,0.01,322.57,0.01,0.01,322.57,0.01,0.01
323.17,0.01,0.01,323.17,0.02,0.02,323.17,0.01,0.01
323.77,0.01,0.01,323.77,0.01,0.01,323.77,0.01,0.01
324.37,0.01,0.01,324.37,0.01,0.01,324.37,0.01,0.01
324.97,0.01,0.01,324.97,0.01,0.01,324.97,0.01,0.01
325.57,0.01,0.01,325.57,0.01,0.01,325.57,0.01,0.01
326.16,0.01,0.01,326.16,0.01,0.01,326.16,0.01,0.01
326.76,0.01,0.01,326.76,0.01,0.01,326.76,0.01,0.01
327.36,0.01,0.01,327.36,0.01,0.01,327.36,0.01,0.01
327.96,0.01,0.01,327.96,0.01,0.01,327.96,0.01,0.01
328.56,0.01,0.01,328.56,0.01,0.01,328.56,0.01,0.01
329.16,0.01,0.01,329.16,0.01,0.01,329.16,0.01,0.01
329.76,0.01,0.01,329.76,0.01,0.01,329.76,0.01,0.01
330.35,0.01,0.01,330.35,0.01,0.01,330.35,0.01,0.01
330.95,0.01,0.01,330.95,0.01,0.01,330.95,0.01,0.01
331.55,0.01,0.01,331.55,0.01,0.01,331.55,0.01,0.01
332.15,0.01,0.01,332.15,0.01,0.01,332.15,0.01,0.01
332.75,0.01,0.01,332.75,0.01,0.01,332.75,0.01,0.01
333.35,0.01,0.01,333.35,0.01,0.01,333.35,0.01,0.01
333.95,0.01,0.01,333.95,0.01,0.01,333.95,0.01,0.01
334.54,0.01,0.01,334.54,0.01,0.01,334.54,0.01,0.01
335.14,0.01,0.01,335.14,0.01,0.01,335.14,0.01,0.01
335.74,0.01,0.01,335.74,0.01,0.01,335.74,0.01,0.01
336.34,0.01,0.01,336.34,0.01,0.01,336.34,0.01,0.01
336.94,0.01,0.01,336.94,0.01,0.01,336.94,0.01,0.01
337.53,0.01,0.01,337.53,0.01,0.01,337.53,0.01,0.01
338.13,0.01,0.01,338.13,0.01,0.01,338.13,0.01,0.01
338.73,0.01,0.01,338.73,0.01,0.01,338.73,0.01,0.01
339.33,0.01,0.01,339.33,0.01,0.01,339.33,0.01,0.01
339.93,0.01,0.01,339.93,0.01,0.01,339.93,0.01,0.01
340.53,0.01,0.01,340.53,0.01,0.01,340.53,0.01,0.01
341.12,0.01,0.01,341.12,0.01,0.01,341.12,0.01,0.01
341.72,0.01,0.01,341.72,0.01,0.01,341.72,0.01,0.01
342.32,0.01,0.01,342.32,0.01,0.01,342.32,0.01,0.01
342.92,0.01,0.01,342.92,0.01,0.01,342.92,0.01,0.01
343.51,0.01,0.01,343.51,0.01,0.01,343.51,0.01,0.01
344.11,0.01,0.01,344.11,0.01,0.01,344.11,0.01,0.01
344.71,0.01,0.01,344.71,0.01,0.01,344.71,0.01,0.01
345.31,0.01,0.01,345.31,0.01,0.01,345.31,0.01,0.01
345.91,0.01,0.01,345.91,0.01,0.01,345.91,0.01,0.01
346.5,0.01,0.01,346.5,0.01,0.01,346.5,0.01,0.01
347.1,0.01,0.01,347.1,0.01,0.01,347.1,0.01,0.01
347.7,0.01,0.01,347.7,0.01,0.01,347.7,0.01,0.01
348.3,0.01,0.01,348.3,0.01,0.01,348.3,0.01,0.01
348.89,0.01,0.01,348.89,0.01,0.01,348.89,0.01,0.01
349.49,0.01,0.01,349.49,0.01,0.01,349.49,0.01,0.01
350.09,0.01,0.01,350.09,0.01,0.01,350.09,0.01,0.01
350.69,0.01,0.01,350.69,0.01,0.01,350.69,0.01,0.01
351.28,0.01,0.01,351.28,0.01,0.01,351.28,0.01,0.01
351.88,0.01,0.01,351.88,0.01,0.01,351.88,0.01,0.01
352.48,0.01,0.01,352.48,0.01,0.01,352.48,0.01,0.01
353.08,0.01,0.01,353.08,0.01,0.01,353.08,0.01,0.01
353.67,0.01,0.01,353.67,0.01,0.01,353.67,0.01,0.01
354.27,0.01,0.01,354.27,0.01,0.01,354.27,0.01,0.01
354.87,0.01,0.01,354.87,0.01,0.01,354.87,0.01,0.01
355.47,0.01,0.01,355.47,0.01,0.01,355.47,0.01,0.01
356.06,0.01,0.01,356.06,0.01,0.01,356.06,0.01,0.01
356.66,0.01,0.01,356.66,0.01,0.01,356.66,0.01,0.01
357.26,0.01,0.01,357.26,0.01,0.01,357.26,0.01,0.01
357.86,0.01,0.01,357.86,0.01,0.01,357.86,0.01,0.01
358.45,0.01,0.01,358.45,0.01,0.01,358.45,0.01,0.01
359.05,0.01,0.01,359.05,0.01,0.01,359.05,0.01,0.01
359.65,0.01,0.01,359.65,0.01,0.01,359.65,0.01,0.01
360.24,0.01,0.01,360.24,0.01,0.01,360.24,0.01,0.01
360.84,0.01,0.01,360.84,0.01,0.01,360.84,0.01,0.01
361.44,0.01,0.01,361.44,0.01,0.01,361.44,0.01,0.01
362.03,0,0,362.03,0.01,0.01,362.03,0.01,0.01
362.63,0.01,0.01,362.63,0.01,0.01,362.63,0.01,0.01
363.23,0,0,363.23,0.01,0.01,363.23,0.01,0.01
363.83,0.01,0.01,363.83,0.01,0.01,363.83,0.01,0.01
364.42,0,0,364.42,0.01,0.01,364.42,0.01,0.01
365.02,0,0,365.02,0.01,0.01,365.02,0.01,0.01
365.62,0.01,0.01,365.62,0.01,0.01,365.62,0.01,0.01
366.21,0,0,366.21,0.01,0.01,366.21,0.01,0.01
366.81,0,0,366.81,0.01,0.01,366.81,0.01,0.01
367.41,0,0,367.41,0.01,0.01,367.41,0.01,0.01
368,0,0,368,0.01,0.01,368,0.01,0.01
368.6,0,0,368.6,0.01,0.01,368.6,0.01,0.01
369.2,0,0,369.2,0.01,0.01,369.2,0.01,0.01
369.79,0,0,369.79,0.01,0.01,369.79,0.01,0.01
370.39,0,0,370.39,0.01,0.01,370.39,0.01,0.01
370.99,0,0,370.99,0.01,0.01,370.99,0.01,0.01
371.58,0,0,371.58,0.01,0.01,371.58,0.01,0.01
372.18,0,0,372.18,0.01,0.01,372.18,0.01,0.01
372.78,0,0,372.78,0.01,0.01,372.78,0.01,0.01
373.37,0,0,373.37,0.01,0.01,373.37,0.01,0.01
373.97,0,0,373.97,0.01,0.01,373.97,0.01,0.01
374.56,0,0,374.56,0.01,0.01,374.56,0.01,0.01
375.16,0,0,375.16,0.01,0.01,375.16,0.01,0.01
375.76,0,0,375.76,0.01,0.01,375.76,0.01,0.01
376.35,0,0,376.35,0.01,0.01,376.35,0.01,0.01
376.95,0,0,376.95,0.01,0.01,376.95,0.01,0.01
377.55,0,0,377.55,0.01,0.01,377.55,0.01,0.01
378.14,0,0,378.14,0.01,0.01,378.14,0.01,0.01
378.74,0,0,378.74,0.01,0.01,378.74,0.01,0.01
379.33,0,0,379.33,0.01,0.01,379.33,0.01,0.01
379.93,0,0,379.93,0.01,0.01,379.93,0,0
380.53,0,0,380.53,0.01,0.01,380.53,0,0
381.12,0,0,381.12,0.01,0.01,381.12,0,0
381.72,0,0,381.72,0.01,0.01,381.72,0,0
382.31,0,0,382.31,0.01,0.01,382.31,0,0
382.91,0,0,382.91,0.01,0.01,382.91,0,0
383.51,0,0,383.51,0.01,0.01,383.51,0,0
384.1,0,0,384.1,0.01,0.01,384.1,0,0
384.7,0,0,384.7,0.01,0.01,384.7,0,0
385.29,0,0,385.29,0.01,0.01,385.29,0,0
385.89,0,0,385.89,0.01,0.01,385.89,0,0
386.49,0,0,386.49,0.01,0.01,386.49,0,0
387.08,0,0,387.08,0.01,0.01,387.08,0,0
387.68,0,0,387.68,0.01,0.01,387.68,0,0
388.27,0,0,388.27,0.01,0.01,388.27,0,0
388.87,0,0,388.87,0.01,0.01,388.87,0,0
389.46,0,0,389.46,0.01,0.01,389.46,0,0
390.06,0,0,390.06,0.01,0.01,390.06,0,0
390.65,0,0,390.65,0.01,0.01,390.65,0,0
391.25,0,0,391.25,0.01,0.01,391.25,0,0
391.85,0,0,391.85,0.01,0.01,391.85,0,0
392.44,0,0,392.44,0.01,0.01,392.44,0,0
393.04,0,0,393.04,0.01,0.01,393.04,0,0
393.63,0,0,393.63,0.01,0.01,393.63,0,0
394.23,0,0,394.23,0.01,0.01,394.23,0,0
394.82,0,0,394.82,0.01,0.01,394.82,0,0
395.42,0,0,395.42,0.01,0.01,395.42,0,0
396.01,0,0,396.01,0.01,0.01,396.01,0,0
396.61,0,0,396.61,0.01,0.01,396.61,0,0
397.2,0,0,397.2,0.01,0.01,397.2,0,0
397.8,0,0,397.8,0.01,0.01,397.8,0,0
398.39,0,0,398.39,0.01,0.01,398.39,0,0
398.99,0,0,398.99,0.01,0.01,398.99,0,0
399.58,0,0,399.58,0.01,0.01,399.58,0,0
400.18,0,0,400.18,0.01,0.01,400.18,0,0
400.77,0,0,400.77,0.01,0.01,400.77,0,0
401.37,0,0,401.37,0.01,0.01,401.37,0,0
401.96,0,0,401.96,0.01,0.01,401.96,0,0
402.56,0,0,402.56,0.01,0.01,402.56,0,0
403.15,0,0,403.15,0.01,0.01,403.15,0,0
403.75,0,0,403.75,0.01,0.01,403.75,0,0
404.34,0,0,404.34,0,0,404.34,0,0
404.94,0,0,404.94,0,0,404.94,0,0
405.53,0,0,405.53,0,0,405.53,0,0
406.13,0,0,406.13,0,0,406.13,0,0
406.72,0,0,406.72,0,0,406.72,0,0
407.32,0,0,407.32,0,0,407.32,0,0
407.91,0,0,407.91,0,0,407.91,0,0
408.51,0,0,408.51,0,0,408.51,0,0
409.1,0,0,409.1,0,0,409.1,0,0
409.7,0,0,409.7,0,0,409.7,0,0
410.29,0,0,410.29,0,0,410.29,0,0
410.89,0,0,410.89,0,0,410.89,0,0
411.48,0,0,411.48,0,0,411.48,0,0
412.07,0,0,412.07,0,0,412.07,0,0
412.67,0,0,412.67,0,0,412.67,0,0
413.26,0,0,413.26,0,0,413.26,0,0
413.86,0,0,413.86,0,0,413.86,0,0
414.45,0,0,414.45,0,0,414.45,0,0
415.05,0,0,415.05,0,0,415.05,0,0
415.64,0,0,415.64,0,0,415.64,0,0
416.23,0,0,416.23,0,0,416.23,0,0
416.83,0,0,416.83,0,0,416.83,0,0
417.42,0,0,417.42,0,0,417.42,0,0
418.02,0,0,418.02,0,0,418.02,0,0
418.61,0,0,418.61,0,0,418.61,0,0
419.21,0,0,419.21,0,0,419.21,0,0
419.8,0,0,419.8,0,0,419.8,0,0
420.39,0,0,420.39,0,0,420.39,0,0
420.99,0,0,420.99,0,0,420.99,0,0
421.58,0,0,421.58,0,0,421.58,0,0
422.18,0,0,422.18,0,0,422.18,0,0
422.77,0,0,422.77,0,0,422.77,0,0
423.36,0,0,423.36,0,0,423.36,0,0
423.96,0,0,423.96,0,0,423.96,0,0
424.55,0,0,424.55,0,0,424.55,0,0
425.14,0,0,425.14,0,0,425.14,0,0
425.74,0,0,425.74,0,0,425.74,0,0
426.33,0,0,426.33,0,0,426.33,0,0
426.93,0,0,426.93,0,0,426.93,0,0
427.52,0,0,427.52,0,0,427.52,0,0
428.11,0,0,428.11,0,0,428.11,0,0
428.71,0,0,428.71,0,0,428.71,0,0
429.3,0,0,429.3,0,0,429.3,0,0
429.89,0,0,429.89,0,0,429.89,0,0
430.49,0,0,430.49,0,0,430.49,0,0
431.08,0,0,431.08,0,0,431.08,0,0
431.67,0,0,431.67,0,0,431.67,0,0
432.27,0,0,432.27,0,0,432.27,0,0
432.86,0,0,432.86,0,0,432.86,0,0
433.45,0,0,433.45,0,0,433.45,0,0
434.05,0,0,434.05,0,0,434.05,0,0
434.64,0,0,434.64,0,0,434.64,0,0
435.23,0,0,435.23,0,0,435.23,0,0
435.83,0,0,435.83,0,0,435.83,0,0
436.42,0,0,436.42,0,0,436.42,0,0
437.01,0,0,437.01,0,0,437.01,0,0
437.61,0,0,437.61,0,0,437.61,0,0
438.2,0,0,438.2,0,0,438.2,0,0
438.79,0,0,438.79,0,0,438.79,0,0
439.39,0,0,439.39,0,0,439.39,0,0
439.98,0,0,439.98,0,0,439.98,0,0
440.57,0,0,440.57,0,0,440.57,0,0
441.16,0,0,441.16,0,0,441.16,0,0
441.76,0,0,441.76,0,0,441.76,0,0
442.35,0,0,442.35,0,0,442.35,0,0
442.94,0,0,442.94,0,0,442.94,0,0
443.54,0,0,443.54,0,0,443.54,0,0
444.13,0,0,444.13,0,0,444.13,0,0
444.72,0,0,444.72,0,0,444.72,0,0
445.31,0,0,445.31,0,0,445.31,0,0
445.91,0,0,445.91,0,0,445.91,0,0
446.5,0,0,446.5,0,0,446.5,0,0
447.09,0,0,447.09,0,0,447.09,0,0
447.69,0,0,447.69,0,0,447.69,0,0
448.28,0,0,448.28,0,0,448.28,0,0
448.87,0,0,448.87,0,0,448.87,0,0
449.46,0,0,449.46,0,0,449.46,0,0
450.06,0,0,450.06,0,0,450.06,0,0
450.65,0,0,450.65,0,0,450.65,0,0
451.24,0,0,451.24,0,0,451.24,0,0
451.83,0,0,451.83,0,0,451.83,0,0
452.42,0,0,452.42,0,0,452.42,0,0
453.02,0,0,453.02,0,0,453.02,0,0
453.61,0,0,453.61,0,0,453.61,0,0
454.2,0,0,454.2,0,0,454.2,0,0
454.79,0,0,454.79,0,0,454.79,0,0
455.39,0,0,455.39,0,0,455.39,0,0
455.98,0,0,455.98,0,0,455.98,0,0
456.57,0,0,456.57,0,0,456.57,0,0
457.16,0,0,457.16,0,0,457.16,0,0
457.75,0,0,457.75,0,0,457.75,0,0
458.35,0,0,458.35,0,0,458.35,0,0
458.94,0,0,458.94,0,0,458.94,0,0
459.53,0,0,459.53,0,0,459.53,0,0
460.12,0,0,460.12,0,0,460.12,0,0
460.71,0,0,460.71,0,0,460.71,0,0
461.31,0,0,461.31,0,0,461.31,0,0
461.9,0,0,461.9,0,0,461.9,0,0
462.49,0,0,462.49,0,0,462.49,0,0
463.08,0,0,463.08,0,0,463.08,0,0
463.67,0,0,463.67,0,0,463.67,0,0
464.26,0,0,464.26,0,0,464.26,0,0
464.86,0,0,464.86,0,0,464.86,0,0
465.45,0,0,465.45,0,0,465.45,0,0
466.04,0,0,466.04,0,0,466.04,0,0
466.63,0,0,466.63,0,0,466.63,0,0
467.22,0,0,467.22,0,0,467.22,0,0
467.81,0,0,467.81,0,0,467.81,0,0
468.41,0,0,468.41,0,0,468.41,0,0
469,0,0,469,0,0,469,0,0
469.59,0,0,469.59,0,0,469.59,0,0
470.18,0,0,470.18,0,0,470.18,0,0
470.77,0,0,470.77,0,0,470.77,0,0
471.36,0,0,471.36,0,0,471.36,0,0
471.95,0,0,471.95,0,0,471.95,0,0
472.54,0,0,472.54,0,0,472.54,0,0
473.14,0,0,473.14,0,0,473.14,0,0
473.73,0,0,473.73,0,0,473.73,0,0
474.32,0,0,474.32,0,0,474.32,0,0
474.91,0,0,474.91,0,0,474.91,0,0
475.5,0,0,475.5,0,0,475.5,0,0
476.09,0,0,476.09,0,0,476.09,0,0
476.68,0,0,476.68,0,0,476.68,0,0
477.27,0,0,477.27,0,0,477.27,0,0
477.86,0,0,477.86,0,0,477.86,0,0
478.46,0,0,478.46,0,0,478.46,0,0
479.05,0,0,479.05,0,0,479.05,0,0
479.64,0,0,479.64,0,0,479.64,0,0
480.23,0,0,480.23,0,0,480.23,0,0
480.82,0,0,480.82,0,0,480.82,0,0
481.41,0,0,481.41,0,0,481.41,0,0
482,0,0,482,0,0,482,0,0
482.59,0,0,482.59,0,0,482.59,0,0
483.18,0,0,483.18,0,0,483.18,0,0
483.77,0,0,483.77,0,0,483.77,0,0
484.36,0,0,484.36,0,0,484.36,0,0
484.95,0,0,484.95,0,0,484.95,0,0
485.54,0,0,485.54,0,0,485.54,0,0
486.13,0,0,486.13,0,0,486.13,0,0
486.72,0,0,486.72,0,0,486.72,0,0
487.31,0,0,487.31,0,0,487.31,0,0
487.91,0,0,487.91,0,0,487.91,0,0
488.5,0,0,488.5,0,0,488.5,0,0
489.09,0,0,489.09,0,0,489.09,0,0
489.68,0,0,489.68,0,0,489.68,0,0
490.27,0,0,490.27,0,0,490.27,0,0
490.86,0,0,490.86,0,0,490.86,0,0
491.45,0,0,491.45,0,0,491.45,0,0
492.04,0,0,492.04,0,0,492.04,0,0
492.63,0,0,492.63,0,0,492.63,0,0
493.22,0,0,493.22,0,0,493.22,0,0
493.81,0,0,493.81,0,0,493.81,0,0
494.4,0,0,494.4,0,0,494.4,0,0
494.99,0,0,494.99,0,0,494.99,0,0
495.58,0,0,495.58,0,0,495.58,0,0
496.17,0,0,496.17,0,0,496.17,0,0
496.76,0,0,496.76,0,0,496.76,0,0
497.35,0,0,497.35,0,0,497.35,0,0
497.94,0,0,497.94,0,0,497.94,0,0
498.53,0,0,498.53,0,0,498.53,0,0
499.12,0,0,499.12,0,0,499.12,0,0
499.71,0,0,499.71,0,0,499.71,0,0
500.3,0,0,500.3,0,0,500.3,0,0
500.89,0,0,500.89,0,0,500.89,0,0
501.47,0,0,501.47,0,0,501.47,0,0
502.06,0,0,502.06,0,0,502.06,0,0
502.65,0,0,502.65,0,0,502.65,0,0
503.24,0,0,503.24,0,0,503.24,0,0
503.83,0,0,503.83,0,0,503.83,0,0
504.42,0,0,504.42,0,0,504.42,0,0
505.01,0,0,505.01,0,0,505.01,0,0
505.6,0,0,505.6,0,0,505.6,0,0
506.19,0,0,506.19,0,0,506.19,0,0
506.78,0,0,506.78,0,0,506.78,0,0
507.37,0,0,507.37,0,0,507.37,0,0
507.96,0,0,507.96,0,0,507.96,0,0
508.55,0,0,508.55,0,0,508.55,0,0
509.14,0,0,509.14,0,0,509.14,0,0
509.73,0,0,509.73,0,0,509.73,0,0
510.31,0,0,510.31,0,0,510.31,0,0
510.9,0,0,510.9,0,0,510.9,0,0
511.49,0,0,511.49,0,0,511.49,0,0
512.08,0,0,512.08,0,0,512.08,0,0
512.67,0,0,512.67,0,0,512.67,0,0
513.26,0,0,513.26,0,0,513.26,0,0
513.85,0,0,513.85,0,0,513.85,0,0
514.44,0,0,514.44,0,0,514.44,0,0
515.03,0,0,515.03,0,0,515.03,0,0
515.62,0,0,515.62,0,0,515.62,0,0
516.2,0,0,516.2,0,0,516.2,0,0
516.79,0,0,516.79,0,0,516.79,0,0
517.38,0,0,517.38,0,0,517.38,0,0
517.97,0,0,517.97,0,0,517.97,0,0
518.56,0,0,518.56,0,0,518.56,0,0
519.15,0,0,519.15,0,0,519.15,0,0
519.74,0,0,519.74,0,0,519.74,0,0
520.32,0,0,520.32,0,0,520.32,0,0
520.91,0,0,520.91,0,0,520.91,0,0
521.5,0,0,521.5,0,0,521.5,0,0
522.09,0,0,522.09,0,0,522.09,0,0
522.68,0,0,522.68,0,0,522.68,0,0
523.27,0,0,523.27,0,0,523.27,0,0
523.85,0,0,523.85,0,0,523.85,0,0
524.44,0,0,524.44,0,0,524.44,0,0
525.03,0,0,525.03,0,0,525.03,0,0
525.62,0,0,525.62,0,0,525.62,0,0
526.21,0,0,526.21,0,0,526.21,0,0
526.8,0,0,526.8,0,0,526.8,0,0
527.38,0,0,527.38,0,0,527.38,0,0
527.97,0,0,527.97,0,0,527.97,0,0
528.56,0,0,528.56,0,0,528.56,0,0
529.15,0,0,529.15,0,0,529.15,0,0
529.74,0,0,529.74,0,0,529.74,0,0
530.32,0,0,530.32,0,0,530.32,0,0
530.91,0,0,530.91,0,0,530.91,0,0
531.5,0,0,531.5,0,0,531.5,0,0
532.09,0,0,532.09,0,0,532.09,0,0
532.68,0,0,532.68,0,0,532.68,0,0
533.26,0,0,533.26,0,0,533.26,0,0
533.85,0,0,533.85,0,0,533.85,0,0
534.44,0,0,534.44,0,0,534.44,0,0
535.03,0,0,535.03,0,0,535.03,0,0
535.61,0,0,535.61,0,0,535.61,0,0
536.2,0,0,536.2,0,0,536.2,0,0
536.79,0,0,536.79,0,0,536.79,0,0
537.38,0,0,537.38,0,0,537.38,0,0
537.96,0,0,537.96,0,0,537.96,0,0
538.55,0,0,538.55,0,0,538.55,0,0
539.14,0,0,539.14,0,0,539.14,0,0
539.73,0,0,539.73,0,0,539.73,0,0
540.31,0,0,540.31,0,0,540.31,0,0
540.9,0,0,540.9,0,0,540.9,0,0
541.49,0,0,541.49,0,0,541.49,0,0
542.08,0,0,542.08,0,0,542.08,0,0
542.66,0,0,542.66,0,0,542.66,0.01,0.01
543.25,0,0,543.25,0,0,543.25,0.01,0.01
543.84,0,0,543.84,0,0,543.84,0.01,0.01
544.42,0,0,544.42,0,0,544.42,0.01,0.01
545.01,0,0,545.01,0,0,545.01,0.01,0.01
545.6,0,0,545.6,0,0,545.6,0,0
546.19,0,0,546.19,0,0,546.19,0,0
546.77,0,0,546.77,0,0,546.77,0,0
547.36,0,0,547.36,0,0,547.36,0.01,0.01
547.95,0,0,547.95,0,0,547.95,0.01,0.01
548.53,0,0,548.53,0,0,548.53,0.01,0.01
549.12,0,0,549.12,0,0,549.12,0.01,0.01
549.71,0,0,549.71,0,0,549.71,0.01,0.01
550.29,0,0,550.29,0,0,550.29,0,0
550.88,0,0,550.88,0,0,550.88,0.01,0.01
551.47,0,0,551.47,0,0,551.47,0.01,0.01
552.05,0,0,552.05,0,0,552.05,0.01,0.01
552.64,0,0,552.64,0,0,552.64,0.01,0.01
553.23,0,0,553.23,0,0,553.23,0,0
553.81,0,0,553.81,0,0,553.81,0,0
554.4,0,0,554.4,0,0,554.4,0,0
554.99,0,0,554.99,0,0,554.99,0,0
555.57,0,0,555.57,0,0,555.57,0.01,0.01
556.16,0,0,556.16,0,0,556.16,0.01,0.01
556.75,0,0,556.75,0,0,556.75,0.01,0.01
557.33,0,0,557.33,0,0,557.33,0.01,0.01
557.92,0,0,557.92,0,0,557.92,0.01,0.01
558.51,0,0,558.51,0,0,558.51,0.01,0.01
559.09,0,0,559.09,0,0,559.09,0.01,0.01
559.68,0,0,559.68,0,0,559.68,0.01,0.01
560.26,0,0,560.26,0,0,560.26,0.01,0.01
560.85,0,0,560.85,0,0,560.85,0.01,0.01
561.44,0,0,561.44,0,0,561.44,0.01,0.01
562.02,0,0,562.02,0,0,562.02,0.01,0.01
562.61,0,0,562.61,0,0,562.61,0.01,0.01
563.19,0,0,563.19,0,0,563.19,0.01,0.01
563.78,0,0,563.78,0,0,563.78,0.01,0.01
564.37,0,0,564.37,0,0,564.37,0.01,0.01
564.95,0,0,564.95,0,0,564.95,0.01,0.01
565.54,0,0,565.54,0,0,565.54,0.01,0.01
566.12,0,0,566.12,0,0,566.12,0.01,0.01
566.71,0,0,566.71,0,0,566.71,0.01,0.01
567.3,0,0,567.3,0,0,567.3,0.01,0.01
567.88,0,0,567.88,0,0,567.88,0.01,0.01
568.47,0,0,568.47,0,0,568.47,0.01,0.01
569.05,0,0,569.05,0,0,569.05,0.01,0.01
569.64,0,0,569.64,0,0,569.64,0.01,0.01
570.22,0,0,570.22,0,0,570.22,0.01,0.01
570.81,0,0,570.81,0,0,570.81,0.01,0.01
571.39,0,0,571.39,0,0,571.39,0.01,0.01
571.98,0,0,571.98,0,0,571.98,0.01,0.01
572.57,0,0,572.57,0,0,572.57,0.01,0.01
573.15,0,0,573.15,0,0,573.15,0.01,0.01
573.74,0,0,573.74,0,0,573.74,0.01,0.01
574.32,0,0,574.32,0,0,574.32,0.01,0.01
574.91,0,0,574.91,0,0,574.91,0.01,0.01
575.49,0,0,575.49,0,0,575.49,0.01,0.01
576.08,0,0,576.08,0,0,576.08,0.01,0.01
576.66,0,0,576.66,0,0,576.66,0.02,0.02
577.25,0,0,577.25,0,0,577.25,0.02,0.02
577.83,0,0,577.83,0,0,577.83,0.02,0.02
578.42,0,0,578.42,0,0,578.42,0.01,0.01
579,0,0,579,0,0,579,0.01,0.01
579.59,0,0,579.59,0,0,579.59,0.01,0.01
580.17,0,0,580.17,0,0,580.17,0.01,0.01
580.76,0,0,580.76,0,0,580.76,0.01,0.01
581.34,0,0,581.34,0,0,581.34,0.01,0.01
581.93,0,0,581.93,0,0,581.93,0.01,0.01
582.51,0,0,582.51,0,0,582.51,0.02,0.02
583.1,0,0,583.1,0,0,583.1,0.02,0.02
583.68,0,0,583.68,0,0,583.68,0.01,0.01
584.27,0,0,584.27,0,0,584.27,0.01,0.01
584.85,0,0,584.85,0,0,584.85,0.01,0.01
585.44,0,0,585.44,0,0,585.44,0.01,0.01
586.02,0,0,586.02,0,0,586.02,0.01,0.01
586.61,0,0,586.61,0,0,586.61,0.01,0.01
587.19,0,0,587.19,0,0,587.19,0.01,0.01
587.77,0,0,587.77,0,0,587.77,0.01,0.01
588.36,0,0,588.36,0,0,588.36,0.02,0.02
588.94,0,0,588.94,0,0,588.94,0.01,0.01
589.53,0,0,589.53,0,0,589.53,0.01,0.01
590.11,0,0,590.11,0,0,590.11,0.02,0.02
590.7,0,0,590.7,0,0,590.7,0.02,0.02
591.28,0,0,591.28,0,0,591.28,0.01,0.01
591.87,0,0,591.87,0,0,591.87,0.01,0.01
592.45,0,0,592.45,0,0,592.45,0.01,0.01
593.03,0,0,593.03,0,0,593.03,0.01,0.01
593.62,0,0,593.62,0,0,593.62,0.01,0.01
594.2,0,0,594.2,0,0,594.2,0.01,0.01
594.79,0,0,594.79,0,0,594.79,0.02,0.02
595.37,0,0,595.37,0,0,595.37,0.02,0.02
595.95,0,0,595.95,0,0,595.95,0.02,0.02
596.54,0,0,596.54,0,0,596.54,0.02,0.02
597.12,0,0,597.12,0,0,597.12,0.02,0.02
597.71,0,0,597.71,0,0,597.71,0.02,0.02
598.29,0,0,598.29,0,0,598.29,0.02,0.02
598.87,0,0,598.87,0,0,598.87,0.02,0.02
599.46,0,0,599.46,0,0,599.46,0.02,0.02
600.04,0,0,600.04,0,0,600.04,0.02,0.02
600.62,0,0,600.62,0,0,600.62,0.02,0.02
601.21,0,0,601.21,0,0,601.21,0.02,0.02
601.79,0,0,601.79,0,0,601.79,0.02,0.02
602.38,0,0,602.38,0,0,602.38,0.02,0.02
602.96,0,0,602.96,0,0,602.96,0.02,0.02
603.54,0,0,603.54,0,0,603.54,0.03,0.03
604.13,0,0,604.13,0,0,604.13,0.03,0.03
604.71,0,0,604.71,0,0,604.71,0.03,0.03
605.29,0,0,605.29,0,0,605.29,0.03,0.03
605.88,0,0,605.88,0,0,605.88,0.03,0.03
606.46,0,0,606.46,0,0,606.46,0.02,0.02
607.04,0,0,607.04,0,0,607.04,0.02,0.02
607.63,0,0,607.63,0,0,607.63,0.02,0.02
608.21,0,0,608.21,0,0,608.21,0.03,0.03
608.79,0,0,608.79,0,0,608.79,0.03,0.03
609.38,0,0,609.38,0,0,609.38,0.03,0.03
609.96,0,0,609.96,0,0,609.96,0.03,0.03
610.54,0,0,610.54,0,0,610.54,0.03,0.03
611.13,0,0,611.13,0,0,611.13,0.03,0.03
611.71,0,0,611.71,0,0,611.71,0.03,0.03
612.29,0,0,612.29,0,0,612.29,0.03,0.03
612.87,0,0,612.87,0,0,612.87,0.03,0.03
613.46,0,0,613.46,0,0,613.46,0.03,0.03
614.04,0,0,614.04,0,0,614.04,0.03,0.03
614.62,0,0,614.62,0,0,614.62,0.03,0.03
615.21,0,0,615.21,0,0,615.21,0.03,0.03
615.79,0,0,615.79,0,0,615.79,0.03,0.03
616.37,0,0,616.37,0,0,616.37,0.03,0.03
616.95,0,0,616.95,0,0,616.95,0.03,0.03
617.54,0,0,617.54,0,0,617.54,0.03,0.03
618.12,0,0,618.12,0,0,618.12,0.04,0.04
618.7,0,0,618.7,0,0,618.7,0.03,0.03
619.28,0,0,619.28,0,0,619.28,0.04,0.04
619.87,0,0,619.87,0,0,619.87,0.05,0.05
620.45,0,0,620.45,0,0,620.45,0.05,0.05
621.03,0,0,621.03,0,0,621.03,0.05,0.05
621.61,0,0,621.61,0,0,621.61,0.05,0.05
622.2,0,0,622.2,0,0,622.2,0.05,0.05
622.78,0,0,622.78,0,0,622.78,0.04,0.04
623.36,0,0,623.36,0,0,623.36,0.04,0.04
623.94,0,0,623.94,0,0,623.94,0.04,0.04
624.53,0,0,624.53,0,0,624.53,0.05,0.05
625.11,0,0,625.11,0,0,625.11,0.05,0.05
625.69,0,0,625.69,0,0,625.69,0.06,0.06
626.27,0,0,626.27,0,0,626.27,0.07,0.07
626.85,0,0,626.85,0,0,626.85,0.07,0.07
627.44,0,0,627.44,0,0,627.44,0.06,0.06
628.02,0,0,628.02,0,0,628.02,0.05,0.05
628.6,0,0,628.6,0,0,628.6,0.04,0.04
629.18,0,0,629.18,0,0,629.18,0.04,0.04
629.76,0,0,629.76,0,0,629.76,0.04,0.04
630.35,0,0,630.35,0,0,630.35,0.04,0.04
630.93,0,0,630.93,0,0,630.93,0.04,0.04
631.51,0,0,631.51,0,0,631.51,0.05,0.05
632.09,0,0,632.09,0,0,632.09,0.05,0.05
632.67,0,0,632.67,0,0,632.67,0.05,0.05
633.25,0,0,633.25,0,0,633.25,0.06,0.06
633.84,0,0,633.84,0,0,633.84,0.06,0.06
634.42,0,0,634.42,0,0,634.42,0.06,0.06
635,0,0,635,0,0,635,0.06,0.06
635.58,0,0,635.58,0,0,635.58,0.07,0.07
636.16,0,0,636.16,0,0,636.16,0.07,0.07
636.74,0,0,636.74,0,0,636.74,0.07,0.07
637.32,0,0,637.32,0,0,637.32,0.08,0.08
637.91,0,0,637.91,0,0,637.91,0.08,0.08
638.49,0,0,638.49,0,0,638.49,0.07,0.07
639.07,0,0,639.07,0,0,639.07,0.07,0.07
639.65,0,0,639.65,0,0,639.65,0.06,0.06
640.23,0,0,640.23,0,0,640.23,0.07,0.07
640.81,0,0,640.81,0,0,640.81,0.07,0.07
641.39,0,0,641.39,0,0,641.39,0.07,0.07
641.97,0,0,641.97,0,0,641.97,0.06,0.06
642.56,0,0,642.56,0,0,642.56,0.06,0.06
643.14,0,0,643.14,0,0,643.14,0.06,0.06
643.72,0,0,643.72,0,0,643.72,0.06,0.06
644.3,0,0,644.3,0,0,644.3,0.06,0.06
644.88,0,0,644.88,0,0,644.88,0.06,0.06
645.46,0,0,645.46,0,0,645.46,0.06,0.06
646.04,0,0,646.04,0,0,646.04,0.07,0.07
646.62,0,0,646.62,0,0,646.62,0.07,0.07
647.2,0,0,647.2,0,0,647.2,0.07,0.07
647.78,0,0,647.78,0,0,647.78,0.09,0.09
648.36,0,0,648.36,0,0,648.36,0.1,0.1
648.94,0,0,648.94,0,0,648.94,0.09,0.09
649.52,0,0,649.52,0,0,649.52,0.07,0.07
650.11,0,0,650.11,0,0,650.11,0.07,0.07
650.69,0,0,650.69,0,0,650.69,0.08,0.08
651.27,0,0,651.27,0,0,651.27,0.08,0.08
651.85,0,0,651.85,0,0,651.85,0.07,0.07
652.43,0,0,652.43,0,0,652.43,0.07,0.07
653.01,0,0,653.01,0,0,653.01,0.09,0.09
653.59,0,0,653.59,0,0,653.59,0.1,0.1
654.17,0,0,654.17,0,0,654.17,0.11,0.11
654.75,0,0,654.75,0,0,654.75,0.11,0.11
655.33,0,0,655.33,0,0,655.33,0.1,0.1
655.91,0,0,655.91,0,0,655.91,0.11,0.11
656.49,0,0,656.49,0,0,656.49,0.12,0.12
657.07,0,0,657.07,0,0,657.07,0.11,0.11
657.65,0,0,657.65,0,0,657.65,0.12,0.12
658.23,0,0,658.23,0,0,658.23,0.11,0.11
658.81,0,0,658.81,0,0,658.81,0.12,0.12
659.39,0,0,659.39,0,0,659.39,0.13,0.13
659.97,0,0,659.97,0,0,659.97,0.12,0.12
660.55,0,0,660.55,0,0,660.55,0.12,0.12
661.13,0,0,661.13,0,0,661.13,0.14,0.14
661.71,0,0,661.71,0,0,661.71,0.18,0.18
662.29,0,0,662.29,0,0,662.29,0.19,0.19
662.87,0,0,662.87,0,0,662.87,0.15,0.15
663.45,0,0,663.45,0,0,663.45,0.12,0.12
664.03,0,0,664.03,0,0,664.03,0.13,0.13
664.61,0,0,664.61,0,0,664.61,0.15,0.15
665.19,0,0,665.19,0,0,665.19,0.17,0.17
665.77,0,0,665.77,0,0,665.77,0.16,0.16
666.35,0,0,666.35,0,0,666.35,0.16,0.16
666.92,0,0,666.92,0,0,666.92,0.19,0.19
667.5,0,0,667.5,0,0,667.5,0.19,0.19
668.08,0,0,668.08,0,0,668.08,0.2,0.2
668.66,0,0,668.66,0,0,668.66,0.21,0.21
669.24,0,0,669.24,0,0,669.24,0.29,0.29
669.82,0,0,669.82,0,0,669.82,0.33,0.33
670.4,0,0,670.4,0,0,670.4,0.32,0.32
670.98,0,0,670.98,0,0,670.98,0.4,0.4
671.56,0,0,671.56,0,0,671.56,0.4,0.4
672.14,0,0,672.14,0,0,672.14,0.44,0.44
672.72,0,0,672.72,0,0,672.72,0.52,0.52
673.3,0,0,673.3,0,0,673.3,0.45,0.45
673.87,0,0,673.87,0,0,673.87,0.42,0.42
674.45,0,0,674.45,0,0,674.45,0.39,0.39
675.03,0,0,675.03,0,0,675.03,0.42,0.42
675.61,0,0,675.61,0,0,675.61,0.43,0.43
676.19,0,0,676.19,0,0,676.19,0.43,0.43
676.77,0,0,676.77,0,0,676.77,0.45,0.45
677.35,0,0,677.35,0,0,677.35,0.48,0.48
677.93,0,0,677.93,0,0,677.93,0.37,0.37
678.51,0,0,678.51,0,0,678.51,0.45,0.45
679.08,0,0,679.08,0,0,679.08,0.59,0.59
679.66,0,0,679.66,0,0,679.66,0.64,0.64
680.24,0,0,680.24,0,0,680.24,0.51,0.51
680.82,0,0,680.82,0,0,680.82,0.53,0.53
681.4,0,0,681.4,0,0,681.4,0.6,0.6
681.98,0,0,681.98,0,0,681.98,0.76,0.76
682.56,0,0,682.56,0,0,682.56,0.84,0.84
683.13,0,0,683.13,0,0,683.13,0.95,0.95
683.71,0,0,683.71,0,0,683.71,0.8,0.8
684.29,0,0,684.29,0,0,684.29,0.73,0.73
684.87,0,0,684.87,0,0,684.87,0.68,0.68
685.45,0,0,685.45,0,0,685.45,0.76,0.76
686.02,0,0,686.02,0,0,686.02,0.77,0.77
686.6,0,0,686.6,0,0,686.6,0.85,0.85
687.18,0,0,687.18,0,0,687.18,0.8,0.8
687.76,0,0,687.76,0,0,687.76,0.83,0.83
688.34,0,0,688.34,0,0,688.34,0.83,0.83
688.91,0,0,688.91,0,0,688.91,0.56,0.56
689.49,0,0,689.49,0,0,689.49,0.57,0.57
690.07,0,0,690.07,0,0,690.07,0.67,0.67
690.65,0,0,690.65,0,0,690.65,0.57,0.57
691.23,0,0,691.23,0,0,691.23,0.61,0.61
691.8,0,0,691.8,0,0,691.8,0.72,0.72
692.38,0,0,692.38,0,0,692.38,0.73,0.73
692.96,0,0,692.96,0,0,692.96,0.83,0.83
693.54,0,0,693.54,0,0,693.54,0.84,0.84
694.11,0,0,694.11,0,0,694.11,0.84,0.84
694.69,0,0,694.69,0,0,694.69,0.69,0.69
695.27,0,0,695.27,0,0,695.27,0.55,0.55
695.85,0,0,695.85,0,0,695.85,0.5,0.5
696.42,0,0,696.42,0,0,696.42,0.47,0.47
697,0,0,697,0,0,697,0.52,0.52
697.58,0,0,697.58,0,0,697.58,0.52,0.52
698.16,0,0,698.16,0,0,698.16,0.46,0.46
698.73,0,0,698.73,0,0,698.73,0.43,0.43
699.31,0,0,699.31,0,0,699.31,0.41,0.41
699.89,0,0,699.89,0,0,699.89,0.4,0.4
700.47,0,0,700.47,0,0,700.47,0.37,0.37
701.04,0,0,701.04,0,0,701.04,0.32,0.32
701.62,0,0,701.62,0,0,701.62,0.29,0.29
702.2,0,0,702.2,0,0,702.2,0.29,0.29
702.77,0,0,702.77,0,0,702.77,0.36,0.36
703.35,0,0,703.35,0,0,703.35,0.36,0.36
703.93,0,0,703.93,0,0,703.93,0.39,0.39
704.51,0,0,704.51,0,0,704.51,0.45,0.45
705.08,0,0,705.08,0,0,705.08,0.46,0.46
705.66,0,0,705.66,0,0,705.66,0.45,0.45
706.24,0,0,706.24,0,0,706.24,0.27,0.27
706.81,0,0,706.81,0,0,706.81,0.27,0.27
707.39,0,0,707.39,0,0,707.39,0.33,0.33
707.97,0,0,707.97,0,0,707.97,0.42,0.42
708.54,0,0,708.54,0,0,708.54,0.42,0.42
709.12,0,0,709.12,0,0,709.12,0.39,0.39
709.7,0,0,709.7,0,0,709.7,0.29,0.29
710.27,0,0,710.27,0,0,710.27,0.26,0.26
710.85,0,0,710.85,0,0,710.85,0.33,0.33
711.43,0,0,711.43,0,0,711.43,0.33,0.33
712,0,0,712,0,0,712,0.3,0.3
712.58,0,0,712.58,0,0,712.58,0.27,0.27
713.15,0,0,713.15,0,0,713.15,0.27,0.27
713.73,0,0,713.73,0,0,713.73,0.22,0.22
714.31,0,0,714.31,0,0,714.31,0.23,0.23
714.88,0,0,714.88,0,0,714.88,0.24,0.24
715.46,0,0,715.46,0,0,715.46,0.25,0.25
716.04,0,0,716.04,0,0,716.04,0.26,0.26
716.61,0,0,716.61,0,0,716.61,0.22,0.22
717.19,0,0,717.19,0.01,0.01,717.19,0.2,0.2
717.76,0,0,717.76,0.01,0.01,717.76,0.22,0.22
718.34,0,0,718.34,0.01,0.01,718.34,0.22,0.22
718.92,0,0,718.92,0.01,0.01,718.92,0.2,0.2
719.49,0,0,719.49,0.01,0.01,719.49,0.22,0.22
720.07,0,0,720.07,0.01,0.01,720.07,0.22,0.22
720.64,0,0,720.64,0.01,0.01,720.64,0.26,0.26
721.22,0,0,721.22,0.02,0.02,721.22,0.27,0.27
721.79,0,0,721.79,0.01,0.01,721.79,0.24,0.24
722.37,0,0,722.37,0.01,0.01,722.37,0.22,0.22
722.95,0,0,722.95,0.02,0.02,722.95,0.23,0.23
723.52,0,0,723.52,0.02,0.02,723.52,0.26,0.26
724.1,0,0,724.1,0.02,0.02,724.1,0.34,0.34
724.67,0,0,724.67,0.03,0.03,724.67,0.36,0.36
725.25,0,0,725.25,0.04,0.04,725.25,0.3,0.3
725.82,0,0,725.82,0.04,0.04,725.82,0.22,0.22
726.4,0,0,726.4,0.04,0.04,726.4,0.22,0.22
726.97,0,0,726.97,0.04,0.04,726.97,0.29,0.29
727.55,0,0,727.55,0.05,0.05,727.55,0.31,0.31
728.12,0,0,728.12,0.05,0.05,728.12,0.39,0.39
728.7,0,0,728.7,0.04,0.04,728.7,0.33,0.33
729.27,0,0,729.27,0.05,0.05,729.27,0.34,0.34
729.85,0,0,729.85,0.06,0.06,729.85,0.38,0.38
730.42,0,0,730.42,0.06,0.06,730.42,0.36,0.36
731,0,0,731,0.07,0.07,731,0.35,0.35
731.57,0,0,731.57,0.1,0.1,731.57,0.4,0.4
732.15,0,0,732.15,0.12,0.12,732.15,0.36,0.36
732.72,0,0,732.72,0.12,0.12,732.72,0.38,0.38
733.3,0,0,733.3,0.12,0.12,733.3,0.29,0.29
733.87,0,0,733.87,0.15,0.15,733.87,0.24,0.24
734.45,0,0,734.45,0.22,0.22,734.45,0.21,0.21
735.02,0,0,735.02,0.19,0.19,735.02,0.22,0.22
735.6,0,0,735.6,0.2,0.2,735.6,0.28,0.28
736.17,0,0,736.17,0.16,0.16,736.17,0.24,0.24
736.75,0,0,736.75,0.14,0.14,736.75,0.22,0.22
737.32,0,0,737.32,0.16,0.16,737.32,0.26,0.26
737.9,0,0,737.9,0.2,0.2,737.9,0.22,0.22
738.47,0,0,738.47,0.17,0.17,738.47,0.22,0.22
739.05,0,0,739.05,0.18,0.18,739.05,0.21,0.21
739.62,0,0,739.62,0.16,0.16,739.62,0.19,0.19
740.2,0,0,740.2,0.21,0.21,740.2,0.26,0.26
740.77,0,0,740.77,0.22,0.22,740.77,0.34,0.34
741.34,0,0,741.34,0.28,0.28,741.34,0.34,0.34
741.92,0,0,741.92,0.29,0.29,741.92,0.33,0.33
742.49,0,0,742.49,0.36,0.36,742.49,0.26,0.26
743.07,0,0,743.07,0.4,0.4,743.07,0.2,0.2
743.64,0,0,743.64,0.42,0.42,743.64,0.19,0.19
744.22,0,0,744.22,0.42,0.42,744.22,0.2,0.2
744.79,0,0,744.79,0.43,0.43,744.79,0.16,0.16
745.36,0,0,745.36,0.33,0.33,745.36,0.16,0.16
745.94,0,0,745.94,0.42,0.42,745.94,0.14,0.14
746.51,0,0,746.51,0.46,0.46,746.51,0.14,0.14
747.09,0,0,747.09,0.54,0.54,747.09,0.15,0.15
747.66,0,0,747.66,0.52,0.52,747.66,0.19,0.19
748.23,0,0,748.23,0.47,0.47,748.23,0.23,0.23
748.81,0,0,748.81,0.41,0.41,748.81,0.25,0.25
749.38,0,0,749.38,0.39,0.39,749.38,0.22,0.22
749.95,0,0,749.95,0.35,0.35,749.95,0.23,0.23
750.53,0,0,750.53,0.5,0.5,750.53,0.24,0.24
751.1,0,0,751.1,0.59,0.59,751.1,0.26,0.26
751.68,0,0,751.68,0.49,0.49,751.68,0.3,0.3
752.25,0,0,752.25,0.52,0.52,752.25,0.26,0.26
752.82,0,0,752.82,0.55,0.55,752.82,0.34,0.34
753.4,0,0,753.4,0.44,0.44,753.4,0.34,0.34
753.97,0,0,753.97,0.56,0.56,753.97,0.35,0.35
754.54,0,0,754.54,0.64,0.64,754.54,0.32,0.32
755.12,0,0,755.12,0.51,0.51,755.12,0.26,0.26
755.69,0,0,755.69,0.56,0.56,755.69,0.2,0.2
756.26,0,0,756.26,0.46,0.46,756.26,0.18,0.18
756.84,0.01,0.01,756.84,0.46,0.46,756.84,0.15,0.15
757.41,0.01,0.01,757.41,0.47,0.47,757.41,0.14,0.14
757.98,0.01,0.01,757.98,0.5,0.5,757.98,0.2,0.2
758.56,0.01,0.01,758.56,0.41,0.41,758.56,0.23,0.23
759.13,0.01,0.01,759.13,0.45,0.45,759.13,0.3,0.3
759.7,0.01,0.01,759.7,0.5,0.5,759.7,0.28,0.28
760.27,0.02,0.02,760.27,0.34,0.34,760.27,0.28,0.28
760.85,0.02,0.02,760.85,0.39,0.39,760.85,0.26,0.26
761.42,0.02,0.02,761.42,0.46,0.46,761.42,0.35,0.35
761.99,0.02,0.02,761.99,0.46,0.46,761.99,0.4,0.4
762.57,0.03,0.03,762.57,0.4,0.4,762.57,0.53,0.53
763.14,0.03,0.03,763.14,0.51,0.51,763.14,0.46,0.46
763.71,0.03,0.03,763.71,0.45,0.45,763.71,0.5,0.5
764.28,0.03,0.03,764.28,0.46,0.46,764.28,0.45,0.45
764.86,0.04,0.04,764.86,0.44,0.44,764.86,0.41,0.41
765.43,0.04,0.04,765.43,0.37,0.37,765.43,0.39,0.39
766,0.03,0.03,766,0.3,0.3,766,0.34,0.34
766.57,0.04,0.04,766.57,0.36,0.36,766.57,0.29,0.29
767.15,0.04,0.04,767.15,0.42,0.42,767.15,0.21,0.21
767.72,0.06,0.06,767.72,0.4,0.4,767.72,0.18,0.18
768.29,0.07,0.07,768.29,0.43,0.43,768.29,0.21,0.21
768.86,0.09,0.09,768.86,0.36,0.36,768.86,0.28,0.28
769.44,0.08,0.08,769.44,0.34,0.34,769.44,0.33,0.33
770.01,0.06,0.06,770.01,0.32,0.32,770.01,0.42,0.42
770.58,0.09,0.09,770.58,0.26,0.26,770.58,0.49,0.49
771.15,0.11,0.11,771.15,0.24,0.24,771.15,0.54,0.54
771.73,0.14,0.14,771.73,0.19,0.19,771.73,0.55,0.55
772.3,0.19,0.19,772.3,0.13,0.13,772.3,0.53,0.53
772.87,0.21,0.21,772.87,0.19,0.19,772.87,0.65,0.65
773.44,0.23,0.23,773.44,0.21,0.21,773.44,0.48,0.48
774.01,0.21,0.21,774.01,0.29,0.29,774.01,0.43,0.43
774.59,0.25,0.25,774.59,0.38,0.38,774.59,0.3,0.3
775.16,0.25,0.25,775.16,0.37,0.37,775.16,0.23,0.23
775.73,0.23,0.23,775.73,0.37,0.37,775.73,0.17,0.17
776.3,0.23,0.23,776.3,0.28,0.28,776.3,0.18,0.18
776.87,0.2,0.2,776.87,0.3,0.3,776.87,0.18,0.18
777.44,0.25,0.25,777.44,0.26,0.26,777.44,0.16,0.16
778.02,0.21,0.21,778.02,0.2,0.2,778.02,0.15,0.15
778.59,0.21,0.21,778.59,0.18,0.18,778.59,0.13,0.13
779.16,0.23,0.23,779.16,0.18,0.18,779.16,0.14,0.14
779.73,0.21,0.21,779.73,0.16,0.16,779.73,0.13,0.13
780.3,0.27,nan,780.3,0.16,nan,780.3,0.14,nan
780.87,0.35,nan,780.87,0.17,nan,780.87,0.16,nan
781.45,0.31,nan,781.45,0.2,nan,781.45,0.14,nan
782.02,0.29,nan,782.02,0.2,nan,782.02,0.16,nan
782.59,0.32,nan,782.59,0.28,nan,782.59,0.24,nan
783.16,0.38,nan,783.16,0.35,nan,783.16,0.4,nan
783.73,0.48,nan,783.73,0.51,nan,783.73,0.52,nan
784.3,0.62,nan,784.3,0.85,nan,784.3,0.7,nan
784.87,0.5,nan,784.87,0.81,nan,784.87,1.2,nan
785.44,0.43,nan,785.44,0.97,nan,785.44,1.51,nan
786.02,0.93,nan,786.02,1.59,nan,786.02,1.3,nan
786.59,0.99,nan,786.59,1.66,nan,786.59,1.1,nan
787.16,0.58,nan,787.16,1.16,nan,787.16,1.31,nan
787.73,0.55,nan,787.73,1.89,nan,787.73,2.31,nan
788.3,1,nan,788.3,4.76,nan,788.3,2.9,nan
788.87,1.9,nan,788.87,5,nan,788.87,2.66,nan
789.44,1.61,nan,789.44,4.12,nan,789.44,1.83,nan
790.01,1.32,nan,790.01,3.22,nan,790.01,1.19,nan
790.58,0.64,nan,790.58,2.28,nan,790.58,0.72,nan
791.15,0.31,nan,791.15,1.2,nan,791.15,0.47,nan
791.72,0.15,nan,791.72,0.45,nan,791.72,0.47,nan
792.29,0.12,nan,792.29,0.23,nan,792.29,0.43,nan
792.87,0.11,nan,792.87,0.17,nan,792.87,0.38,nan
793.44,0.13,nan,793.44,0.19,nan,793.44,0.36,nan
794.01,0.18,nan,794.01,0.17,nan,794.01,0.31,nan
794.58,0.22,nan,794.58,0.18,nan,794.58,0.26,nan
795.15,0.25,0.25,795.15,0.22,0.22,795.15,0.26,0.26
795.72,0.27,0.27,795.72,0.26,0.26,795.72,0.25,0.25
796.29,0.26,0.26,796.29,0.25,0.25,796.29,0.23,0.23
796.86,0.24,0.24,796.86,0.26,0.26,796.86,0.27,0.27
797.43,0.31,0.31,797.43,0.35,0.35,797.43,0.29,0.29
798,0.35,0.35,798,0.39,0.39,798,0.34,0.34
798.57,0.39,0.39,798.57,0.42,0.42,798.57,0.33,0.33
799.14,0.38,0.38,799.14,0.48,0.48,799.14,0.34,0.34
799.71,0.37,0.37,799.71,0.49,0.49,799.71,0.41,0.41
800.28,0.32,0.32,800.28,0.65,0.65,800.28,0.55,0.55
800.85,0.3,0.3,800.85,0.64,0.64,800.85,0.75,0.75
801.42,0.3,0.3,801.42,0.82,0.82,801.42,0.91,0.91
801.99,0.27,0.27,801.99,0.68,0.68,801.99,0.88,0.88
802.56,0.26,0.26,802.56,0.73,0.73,802.56,1,1
803.13,0.17,0.17,803.13,0.6,0.6,803.13,0.83,0.83
803.7,0.13,0.13,803.7,0.49,0.49,803.7,0.79,0.79
804.27,0.12,0.12,804.27,0.4,0.4,804.27,0.68,0.68
804.84,0.1,0.1,804.84,0.51,0.51,804.84,0.46,0.46
805.41,0.1,0.1,805.41,0.62,0.62,805.41,0.34,0.34
805.98,0.09,0.09,805.98,0.54,0.54,805.98,0.28,0.28
806.55,0.08,0.08,806.55,0.41,0.41,806.55,0.27,0.27
807.12,0.13,0.13,807.12,0.34,0.34,807.12,0.24,0.24
807.69,0.26,0.26,807.69,0.24,0.24,807.69,0.23,0.23
808.26,0.34,0.34,808.26,0.4,0.4,808.26,0.27,0.27
808.83,0.55,0.55,808.83,0.69,0.69,808.83,0.46,0.46
809.39,0.87,0.87,809.39,0.92,0.92,809.39,0.9,0.9
809.96,1,1,809.96,0.93,0.93,809.96,0.86,0.86
810.53,0.69,0.69,810.53,0.91,0.91,810.53,0.7,0.7
811.1,0.7,0.7,811.1,0.5,0.5,811.1,0.5,0.5
811.67,0.74,0.74,811.67,0.4,0.4,811.67,0.38,0.38
812.24,0.72,0.72,812.24,0.5,0.5,812.24,0.38,0.38
812.81,0.75,0.75,812.81,0.51,0.51,812.81,0.33,0.33
813.38,0.63,0.63,813.38,0.46,0.46,813.38,0.27,0.27
813.95,0.53,0.53,813.95,0.35,0.35,813.95,0.27,0.27
814.52,0.44,0.44,814.52,0.28,0.28,814.52,0.25,0.25
815.09,0.43,0.43,815.09,0.2,0.2,815.09,0.2,0.2
815.65,0.35,0.35,815.65,0.17,0.17,815.65,0.2,0.2
816.22,0.27,0.27,816.22,0.11,0.11,816.22,0.17,0.17
816.79,0.24,0.24,816.79,0.12,0.12,816.79,0.16,0.16
817.36,0.26,0.26,817.36,0.16,0.16,817.36,0.15,0.15
817.93,0.22,0.22,817.93,0.17,0.17,817.93,0.18,0.18
818.5,0.22,0.22,818.5,0.2,0.2,818.5,0.27,0.27
819.07,0.23,0.23,819.07,0.24,0.24,819.07,0.32,0.32
819.64,0.2,0.2,819.64,0.23,0.23,819.64,0.38,0.38
820.2,0.25,0.25,820.2,0.25,0.25,820.2,0.49,0.49
820.77,0.16,0.16,820.77,0.33,0.33,820.77,0.47,0.47
821.34,0.18,0.18,821.34,0.44,0.44,821.34,0.44,0.44
821.91,0.13,0.13,821.91,0.33,0.33,821.91,0.34,0.34
822.48,0.1,0.1,822.48,0.39,0.39,822.48,0.29,0.29
823.05,0.12,0.12,823.05,0.58,0.58,823.05,0.25,0.25
823.61,0.1,0.1,823.61,0.58,0.58,823.61,0.27,0.27
824.18,0.07,0.07,824.18,0.65,0.65,824.18,0.27,0.27
824.75,0.06,0.06,824.75,0.85,0.85,824.75,0.23,0.23
825.32,0.05,0.05,825.32,0.93,0.93,825.32,0.19,0.19
825.89,0.04,0.04,825.89,0.93,0.93,825.89,0.18,0.18
826.46,0.03,0.03,826.46,1,1,826.46,0.17,0.17
827.02,0.03,0.03,827.02,0.69,0.69,827.02,0.13,0.13
827.59,0.03,0.03,827.59,0.74,0.74,827.59,0.12,0.12
828.16,0.03,0.03,828.16,0.73,0.73,828.16,0.1,0.1
828.73,0.03,0.03,828.73,0.75,0.75,828.73,0.16,0.16
829.3,0.03,0.03,829.3,0.93,0.93,829.3,0.13,0.13
829.86,0.02,0.02,829.86,0.85,0.85,829.86,0.12,0.12
830.43,0.01,0.01,830.43,0.82,0.82,830.43,0.12,0.12
831,0.01,0.01,831,0.73,0.73,831,0.13,0.13
831.57,0.01,0.01,831.57,0.75,0.75,831.57,0.14,0.14
832.13,0.01,0.01,832.13,0.62,0.62,832.13,0.19,0.19
832.7,0.01,0.01,832.7,0.65,0.65,832.7,0.28,0.28
833.27,0.01,0.01,833.27,0.67,0.67,833.27,0.24,0.24
833.84,0,0,833.84,0.56,0.56,833.84,0.26,0.26
834.4,0,0,834.4,0.42,0.42,834.4,0.29,0.29
834.97,0,0,834.97,0.44,0.44,834.97,0.38,0.38
835.54,0,0,835.54,0.48,0.48,835.54,0.35,0.35
836.11,0,0,836.11,0.4,0.4,836.11,0.33,0.33
836.67,0,0,836.67,0.36,0.36,836.67,0.29,0.29
837.24,0,0,837.24,0.29,0.29,837.24,0.29,0.29
837.81,0,0,837.81,0.3,0.3,837.81,0.27,0.27
838.37,0,0,838.37,0.27,0.27,838.37,0.24,0.24
838.94,0,0,838.94,0.26,0.26,838.94,0.22,0.22
839.51,0,0,839.51,0.26,0.26,839.51,0.22,0.22
840.08,0,0,840.08,0.22,0.22,840.08,0.21,0.21
840.64,0,0,840.64,0.2,0.2,840.64,0.3,0.3
841.21,0,0,841.21,0.2,0.2,841.21,0.27,0.27
841.78,0,0,841.78,0.18,0.18,841.78,0.28,0.28
842.34,0,0,842.34,0.12,0.12,842.34,0.26,0.26
842.91,0,0,842.91,0.11,0.11,842.91,0.18,0.18
843.48,0,0,843.48,0.12,0.12,843.48,0.14,0.14
844.04,0,0,844.04,0.1,0.1,844.04,0.11,0.11
844.61,0,0,844.61,0.09,0.09,844.61,0.09,0.09
845.18,0,0,845.18,0.09,0.09,845.18,0.09,0.09
845.74,0,0,845.74,0.07,0.07,845.74,0.08,0.08
846.31,0,0,846.31,0.07,0.07,846.31,0.1,0.1
846.88,0,0,846.88,0.07,0.07,846.88,0.09,0.09
847.44,0,0,847.44,0.06,0.06,847.44,0.11,0.11
848.01,0,0,848.01,0.05,0.05,848.01,0.12,0.12
848.58,0,0,848.58,0.06,0.06,848.58,0.13,0.13
849.14,0,0,849.14,0.04,0.04,849.14,0.14,0.14
849.71,0,0,849.71,0.03,0.03,849.71,0.17,0.17
850.28,0,0,850.28,0.02,0.02,850.28,0.17,0.17
850.84,0,0,850.84,0.02,0.02,850.84,0.17,0.17
851.41,0,0,851.41,0.03,0.03,851.41,0.2,0.2
851.97,0,0,851.97,0.02,0.02,851.97,0.26,0.26
852.54,0,0,852.54,0.02,0.02,852.54,0.28,0.28
853.11,0,0,853.11,0.01,0.01,853.11,0.3,0.3
853.67,0,0,853.67,0.01,0.01,853.67,0.27,0.27
854.24,0,0,854.24,0.01,0.01,854.24,0.32,0.32
854.8,0,0,854.8,0.01,0.01,854.8,0.32,0.32
855.37,0,0,855.37,0,0,855.37,0.31,0.31
855.93,0,0,855.93,0,0,855.93,0.3,0.3
856.5,0,0,856.5,0,0,856.5,0.39,0.39
857.07,0,0,857.07,0,0,857.07,0.37,0.37
857.63,0,0,857.63,0,0,857.63,0.43,0.43
858.2,0,0,858.2,0,0,858.2,0.48,0.48
858.76,0,0,858.76,0,0,858.76,0.57,0.57
859.33,0,0,859.33,0,0,859.33,0.5,0.5
859.89,0,0,859.89,0,0,859.89,0.49,0.49
860.46,0,0,860.46,0,0,860.46,0.48,0.48
861.03,0,0,861.03,0,0,861.03,0.39,0.39
861.59,0,0,861.59,0,0,861.59,0.39,0.39
862.16,0,0,862.16,0,0,862.16,0.39,0.39
862.72,0,0,862.72,0,0,862.72,0.47,0.47
863.29,0,0,863.29,0,0,863.29,0.45,0.45
863.85,0,0,863.85,0,0,863.85,0.48,0.48
864.42,0,0,864.42,0,0,864.42,0.48,0.48
864.98,0,0,864.98,0,0,864.98,0.56,0.56
865.55,0,0,865.55,0,0,865.55,0.51,0.51
866.11,0,0,866.11,0,0,866.11,0.53,0.53
866.68,0,0,866.68,0,0,866.68,0.48,0.48
867.24,0,0,867.24,0,0,867.24,0.45,0.45
867.81,0,0,867.81,0,0,867.81,0.33,0.33
868.37,0,0,868.37,0,0,868.37,0.32,0.32
868.94,0,0,868.94,0,0,868.94,0.31,0.31
869.5,0,0,869.5,0,0,869.5,0.32,0.32
870.07,0,0,870.07,0,0,870.07,0.42,0.42
870.63,0,0,870.63,0,0,870.63,0.42,0.42
871.19,0,0,871.19,0,0,871.19,0.35,0.35
871.76,0,0,871.76,0,0,871.76,0.34,0.34
872.32,0,0,872.32,0,0,872.32,0.29,0.29
872.89,0,0,872.89,0,0,872.89,0.28,0.28
873.45,0,0,873.45,0,0,873.45,0.27,0.27
874.02,0,0,874.02,0,0,874.02,0.25,0.25
874.58,0,0,874.58,0,0,874.58,0.24,0.24
875.15,0,0,875.15,0,0,875.15,0.29,0.29
875.71,0,0,875.71,0,0,875.71,0.32,0.32
876.27,0,0,876.27,0,0,876.27,0.28,0.28
876.84,0,0,876.84,0,0,876.84,0.22,0.22
877.4,0,0,877.4,0,0,877.4,0.18,0.18
877.97,0,0,877.97,0,0,877.97,0.17,0.17
878.53,0,0,878.53,0,0,878.53,0.13,0.13
879.09,0,0,879.09,0,0,879.09,0.12,0.12
879.66,0,0,879.66,0,0,879.66,0.12,0.12
880.22,0,0,880.22,0,0,880.22,0.14,0.14
880.79,0,0,880.79,0,0,880.79,0.12,0.12
881.35,0,0,881.35,0,0,881.35,0.1,0.1
881.91,0,0,881.91,0,0,881.91,0.07,0.07
882.48,0,0,882.48,0,0,882.48,0.06,0.06
883.04,0,0,883.04,0,0,883.04,0.07,0.07
883.6,0,0,883.6,0,0,883.6,0.07,0.07
884.17,0,0,884.17,0,0,884.17,0.06,0.06
884.73,0,0,884.73,0,0,884.73,0.06,0.06
885.29,0,0,885.29,0,0,885.29,0.06,0.06
885.86,0,0,885.86,0,0,885.86,0.05,0.05
886.42,0,0,886.42,0,0,886.42,0.07,0.07
886.98,0,0,886.98,0,0,886.98,0.05,0.05
887.55,0,0,887.55,0,0,887.55,0.04,0.04
888.11,0,0,888.11,0,0,888.11,0.04,0.04
888.67,0,0,888.67,0,0,888.67,0.04,0.04
889.24,0,0,889.24,0,0,889.24,0.03,0.03
889.8,0,0,889.8,0,0,889.8,0.03,0.03
890.36,0,0,890.36,0,0,890.36,0.03,0.03
890.93,0,0,890.93,0,0,890.93,0.01,0.01
891.49,0,0,891.49,0,0,891.49,0.01,0.01
892.05,0,0,892.05,0,0,892.05,0.02,0.02
892.62,0,0,892.62,0,0,892.62,0.02,0.02
893.18,0,0,893.18,0,0,893.18,0.01,0.01
893.74,0,0,893.74,0,0,893.74,0.01,0.01
894.3,0,0,894.3,0,0,894.3,0.01,0.01
894.87,0,0,894.87,0,0,894.87,0,0
895.43,0,0,895.43,0,0,895.43,0.01,0.01
895.99,0,0,895.99,0,0,895.99,0,0
896.55,0,0,896.55,0,0,896.55,0,0
897.12,0,0,897.12,0,0,897.12,0,0
897.68,0,0,897.68,0,0,897.68,0,0
898.24,0,0,898.24,0,0,898.24,0,0
898.8,0,0,898.8,0,0,898.8,0,0
899.37,0,0,899.37,0,0,899.37,0,0
899.93,0,0,899.93,0,0,899.93,0,0
900.49,0,0,900.49,0,0,900.49,0,0
901.05,0,0,901.05,0,0,901.05,-0.01,-0.01
901.62,0,0,901.62,0,0,901.62,-0.01,-0.01
902.18,0,0,902.18,0,0,902.18,-0.01,-0.01
902.74,0,0,902.74,0,0,902.74,-0.01,-0.01
903.3,0,0,903.3,0,0,903.3,-0.01,-0.01
903.86,0,0,903.86,0,0,903.86,-0.01,-0.01
904.43,0,0,904.43,0,0,904.43,-0.01,-0.01
904.99,0,0,904.99,0,0,904.99,-0.01,-0.01
905.55,0,0,905.55,0,0,905.55,-0.01,-0.01
906.11,0,0,906.11,0,0,906.11,-0.01,-0.01
906.67,0,0,906.67,0,0,906.67,-0.01,-0.01
907.23,0,0,907.23,0,0,907.23,-0.01,-0.01
907.8,0,0,907.8,0,0,907.8,-0.01,-0.01
908.36,0,0,908.36,0,0,908.36,-0.01,-0.01
908.92,0,0,908.92,0,0,908.92,-0.01,-0.01
909.48,0,0,909.48,0,0,909.48,-0.01,-0.01
910.04,0,0,910.04,0,0,910.04,-0.01,-0.01
910.6,0,0,910.6,0,0,910.6,-0.01,-0.01
911.16,0,0,911.16,0,0,911.16,-0.01,-0.01
911.73,0,0,911.73,0,0,911.73,-0.01,-0.01
912.29,0,0,912.29,0,0,912.29,-0.01,-0.01
912.85,0,0,912.85,0,0,912.85,-0.01,-0.01
913.41,0,0,913.41,0,0,913.41,-0.01,-0.01
913.97,0,0,913.97,0,0,913.97,-0.01,-0.01
914.53,0,0,914.53,0,0,914.53,-0.01,-0.01
915.09,0,0,915.09,0,0,915.09,-0.01,-0.01
915.65,0,0,915.65,0,0,915.65,-0.01,-0.01
916.22,0,0,916.22,0,0,916.22,-0.01,-0.01
916.78,0,0,916.78,0,0,916.78,-0.01,-0.01
917.34,0,0,917.34,0,0,917.34,-0.01,-0.01
917.9,0,0,917.9,0,0,917.9,-0.01,-0.01
918.46,0,0,918.46,0,0,918.46,-0.01,-0.01
919.02,0,0,919.02,0,0,919.02,-0.01,-0.01
919.58,0,0,919.58,0,0,919.58,-0.01,-0.01
920.14,0,0,920.14,0,0,920.14,-0.01,-0.01
920.7,0,0,920.7,0,0,920.7,-0.01,-0.01
921.26,0,0,921.26,0,0,921.26,-0.01,-0.01
921.82,0,0,921.82,0,0,921.82,-0.01,-0.01
922.38,0,0,922.38,0,0,922.38,-0.01,-0.01
922.94,0,0,922.94,0,0,922.94,-0.01,-0.01
923.5,0,0,923.5,0,0,923.5,-0.01,-0.01
924.06,0,0,924.06,0,0,924.06,-0.01,-0.01
924.62,0,0,924.62,0,0,924.62,-0.01,-0.01
925.18,0,0,925.18,0,0,925.18,-0.01,-0.01
925.74,0,0,925.74,0,0,925.74,-0.01,-0.01
926.3,0,0,926.3,0,0,926.3,-0.01,-0.01
926.86,0,0,926.86,0,0,926.86,-0.01,-0.01
927.42,0,0,927.42,0,0,927.42,-0.01,-0.01
927.98,0,0,927.98,0,0,927.98,-0.01,-0.01
928.54,0,0,928.54,0,0,928.54,-0.01,-0.01
929.1,0,0,929.1,0,0,929.1,-0.01,-0.01
929.66,0,0,929.66,0,0,929.66,-0.01,-0.01
930.22,0,0,930.22,0,0,930.22,-0.01,-0.01
930.78,0,0,930.78,0,0,930.78,-0.01,-0.01
931.34,0,0,931.34,0,0,931.34,-0.01,-0.01
931.9,0,0,931.9,0,0,931.9,-0.01,-0.01
932.46,0,0,932.46,0,0,932.46,-0.01,-0.01
933.02,0,0,933.02,0,0,933.02,-0.01,-0.01
933.58,0,0,933.58,0,0,933.58,-0.01,-0.01
934.14,0,0,934.14,0,0,934.14,-0.01,-0.01
934.7,0,0,934.7,0,0,934.7,-0.01,-0.01
935.26,0,0,935.26,0,0,935.26,-0.01,-0.01
935.82,0,0,935.82,0,0,935.82,-0.01,-0.01
936.38,0,0,936.38,0,0,936.38,-0.01,-0.01
936.94,0,0,936.94,0,0,936.94,-0.01,-0.01
937.5,0,0,937.5,0,0,937.5,-0.01,-0.01
938.06,0,0,938.06,0,0,938.06,-0.01,-0.01
938.62,0,0,938.62,0,0,938.62,-0.01,-0.01
939.17,0,0,939.17,0,0,939.17,-0.01,-0.01
939.73,0,0,939.73,0,0,939.73,-0.01,-0.01
940.29,0,0,940.29,0,0,940.29,-0.01,-0.01
940.85,0,0,940.85,0,0,940.85,-0.01,-0.01
941.41,0,0,941.41,0,0,941.41,-0.01,-0.01
941.97,0,0,941.97,0,0,941.97,-0.01,-0.01
942.53,0,0,942.53,0,0,942.53,-0.01,-0.01
943.09,0,0,943.09,0,0,943.09,-0.01,-0.01
943.64,0,0,943.64,0,0,943.64,-0.01,-0.01
944.2,0,0,944.2,0,0,944.2,-0.01,-0.01
944.76,0,0,944.76,0,0,944.76,-0.01,-0.01
945.32,0,0,945.32,0,0,945.32,-0.01,-0.01
945.88,0,0,945.88,0,0,945.88,-0.01,-0.01
946.44,0,0,946.44,0,0,946.44,-0.01,-0.01
947,0,0,947,0,0,947,-0.01,-0.01
947.55,0,0,947.55,0,0,947.55,-0.01,-0.01
948.11,0,0,948.11,0,0,948.11,-0.01,-0.01
948.67,0,0,948.67,0,0,948.67,-0.01,-0.01
949.23,0,0,949.23,0,0,949.23,-0.01,-0.01
949.79,0,0,949.79,0,0,949.79,-0.01,-0.01
950.35,0,0,950.35,0,0,950.35,-0.01,-0.01
950.9,0,0,950.9,0,0,950.9,-0.01,-0.01
951.46,0,0,951.46,0,0,951.46,-0.01,-0.01
952.02,0,0,952.02,0,0,952.02,-0.01,-0.01
952.58,0,0,952.58,0,0,952.58,-0.01,-0.01
953.13,0,0,953.13,0,0,953.13,-0.01,-0.01
953.69,0,0,953.69,0,0,953.69,-0.01,-0.01
954.25,0,0,954.25,0,0,954.25,-0.01,-0.01
954.81,0,0,954.81,0,0,954.81,-0.01,-0.01
955.37,0,0,955.37,0,0,955.37,-0.01,-0.01
955.92,0,0,955.92,0,0,955.92,-0.01,-0.01
956.48,0,0,956.48,0,0,956.48,-0.01,-0.01
957.04,0,0,957.04,0,0,957.04,-0.01,-0.01
957.6,0,0,957.6,0,0,957.6,-0.01,-0.01
958.15,0,0,958.15,0,0,958.15,-0.01,-0.01
958.71,0,0,958.71,0,0,958.71,-0.01,-0.01
959.27,0,0,959.27,0,0,959.27,-0.01,-0.01
959.83,0,0,959.83,0,0,959.83,-0.01,-0.01
960.38,0,0,960.38,0,0,960.38,-0.01,-0.01
960.94,0,0,960.94,0,0,960.94,-0.01,-0.01
961.5,0,0,961.5,0,0,961.5,-0.01,-0.01
962.05,0,0,962.05,0,0,962.05,-0.01,-0.01
962.61,0,0,962.61,0,0,962.61,-0.01,-0.01
963.17,0,0,963.17,0,0,963.17,-0.01,-0.01
963.73,0,0,963.73,0,0,963.73,-0.01,-0.01
964.28,0,0,964.28,0,0,964.28,-0.01,-0.01
964.84,0,0,964.84,0,0,964.84,-0.01,-0.01
965.4,0,0,965.4,0,0,965.4,-0.01,-0.01
965.95,0,0,965.95,0,0,965.95,-0.01,-0.01
966.51,0,0,966.51,0,0,966.51,-0.01,-0.01
967.07,0,0,967.07,0,0,967.07,-0.01,-0.01
967.62,0,0,967.62,0,0,967.62,-0.01,-0.01